Artist,Title,Skip,Favourite,Tags
Arcade Fire,Wake Up,,,
Idina Menzel,Let It Go,,,
Pixies,Debaser,,,
Zero 7 & Sia,Speed Dial No. 2,,,
Ambulance LTD,Sugar Pill,,,
Nick Cave & The Bad Seeds,Darker With the Day,,,
Nick Drake,Pink Moon,,,
The Stone Roses,Waterfall,,,
Gine Pitney and Marc Almond,Something's Gotten Hold of my Heart,,,Jessica Protest Karaoke; Dicky Karaoke
Franz Ferdinand,All for you,,,
Honeyblood,Gangs,,,
Gene,Do You Want To Hear It From Me,,,
Austra,The Future,,,
Tracy Chapman,Fast Car,,,
Ambulance LTD,Ophelia,,,
Feeder,Just a Day,,,
The B-52's,Junebug,,,
Honeyblood,Love Is a Disease,,,
Fleetwood Mac,The Chain,,,
60 Ft Dolls,British Racing Green,skip,,
Scissor Sisters,Take Your Mama,,,
Suede,My Dark Star,,,
Suede,We Are the Pigs,,,
Billy Bragg,Strange Things Happen,,,
Gordon Lightfoot,If You Could Read My Mind,,,
U2,Stuck in a Moment You Can't Get Out Of,,,
Barry Dransfield,Be My Friend,,,
Jeffrey Lewis,Where Next Columbus?,,,
Dire Straits,Romeo And Juliet,,,
Austra,Darken Her Horse,,,
Super Furry Animals,The Gift That Keeps Giving,,,
Shed Seven,Going For Gold,,,
Harvey Danger,Flagpole Sitta,,,
Franz Ferdinand,The Dark Of The Matinee,,,
Jane Weaver,Mission Desire,,,
Ambulance LTD,Michigan,,,
Cud,Purple Love Balloon,,,
Marika Hackman,the one,,,
Honeyblood,"Justine, Misery Queen",,,
Sea Urchins,Time Is All I've Seen,,,
"Avicii,Nicky Romero",I Could Be The One,,,
Harvey Danger,Save It for Later,,,
Band of Horses,No One's Gonna Love You,,,
Morgan Saint,Glass House,,,
Austra,Lose It,,,
Michael Jackson,Off the Wall,,,
Nicki Minaj,Starships,,,
The Stone Roses,I Wanna Be Adored,,,
The B-52's,Dry County,,,
Anna Calvi,Don't Beat the Girl out of My Boy,,,Jessica Protest Karaoke
The Cranberries,Linger,,,
Milltown Brothers,Which Way Should I Jump,,,
"Estelle,Kanye West",American Boy,,,Dicky Karaoke
"Katy Perry,Juicy J",Dark Horse,,,
Django Django,Hail Bop,,,
AURORA,Hunger,,,
Howard Jones,What Is Love?,,,Dicky Karaoke
Father John Misty,Hollywood Forever Cemetery Sings,,,
The Cult,She Sells Sanctuary,,,
Aldous Harding,Fixture Picture,,,
Fontaines D.C.,Roy's Tune,,,
Fever Ray,Dry and Dusty,,,
Palace Winter,Empire,,,
Shame,One Rizla,,,
shame,Friction,,,
The Stone Roses,Elephant Stone,,,
Ariana Grande,Positions,,,
Billy Bragg,Island of No Return,,,
Laura Jean,Devotion,,,
Hannah Peel,The Almond Tree,,,
Lush,For Love,,,
Howling Bells,Setting Sun,,,
Pentangle,Willy O'Winsbury,,,
Olivia Rodrigo,"jealousy, jealousy",,,
Pixies,Caribou,,,
Billy Bragg,Greetings to the New Brunette,,,
Sharon Van Etten,You Shadow,,,
AURORA,The River,,,Dicky Karaoke
Nick Cave & The Bad Seeds,Bring It On,,,
Fever Ray,Seven,,,
John Cale,Paris 1919,,,
Lucinda Williams,Side Of The Road,,,
Nick Cave & The Bad Seeds,Push the Sky Away,,,
Suede,Heroine,,,
Suede,Wild Ones,,,
The Ivor Cutler Trio,I'm Going in a Field,,,
Cyndi Lauper,Time After Time,,,
Les Miserables Cast,Drink With Me,,,
Empire of the Sun,Walking on a Dream,,,
Empire of the Sun,Half Mast,,,
Empire of the Sun,We Are the People,,,
PJ Harvey,Bitter Branches,,,
The Cribs,Men's Needs,,,
Candi Staton,Young Hearts Run Free,,,
Pixies,Velouria,,,
Depeche Mode,Policy of Truth,,,
The Hives,Hate To Say I Told You So,,,
The Darkness,Get Your Hands off My Woman,,,
The Darkness,Growing on Me,,,
The Darkness,I Believe in a Thing Called Love,,,
The Darkness,Love Is Only a Feeling,,,
The Darkness,Stuck in a Rut,,,
The Darkness,Friday Night,,,
The Darkness,Love on the Rocks with No Ice,,,
The Darkness,Holding My Own,,,
The Besnard Lakes,"Like the Ocean, Like the Innocent Pt. 2: The Innocent",,,
Édith Piaf,La Vie en Rose,,,
The Stone Roses,I Am the Resurrection,,,
Beach House,Zebra,,,
Alex Ebert,Truth,,,
PJ Harvey,All And Everyone,,,
All About Eve,Martha's Harbour,,,
Placebo,Every You Every Me,,,
Teenage Fanclub,Sparky's Dream,,,
The War On Drugs,Under The Pressure,,,
Billy Bragg,St. Swithin's Day,,,
Weezer,Hash Pipe,,,
The Offspring,Self Esteem,,,
Badfinger,No Matter What,,,
Jerkcurb,Voodoo Saloon,,,
"Air,Beth Hirsch",All I Need (feat. Beth Hirsch),,,
Amaya Laucirica,All Of Our Time,,,
Shura,What's It Gonna Be?,,,
Austra,The Beast,,,
The Wonder Stuff,Circle Square,,,
Wild Beasts,All The King's Men,,,
The Shins,Sleeping Lessons,,,
Roy Bailey,Beeswing,,,
Foster The People,Pumped Up Kicks,,,
Yeah Yeah Yeahs,Maps,,,
Olivia Rodrigo,drivers license,,,
"Katy Perry,Skip Marley",Chained To The Rhythm,,,
The Smiths,Reel Around the Fountain,,,
Ambulance LTD,Stay Where You Are,,,
Tori Amos,Cornflake Girl,,,Jessica Protest Karaoke
Ariana Grande,no tears left to cry,,,
Elaine Paige & Barbara Dickson,I Know Him So Well,,,
The Stone Roses,This Is the One,,,
Lizzo,Truth Hurts,,,Dicky Karaoke
The Offspring,Come Out And Play (Keep 'Em Separated),,,
The Stone Roses,Elizabeth My Dear,,,
INXS,Never Tear Us Apart,,,
Talk Talk,It's My Life,,,
Django Django,Further,,,
Siobhan Donaghy,Ghosts,,,
Primal Scream,I'm Losing More Than I'll Ever Have,,,
System Of A Down,Question!,,,
Foals,Exits,,,
New Radicals,You Get What You Give,,,
Tiny Tim,Livin' in the Sunlight Lovin' in the Moon Light,,,Dicky Karaoke
Pixies,Where Is My Mind?,,,
Billy Bragg,A Lover Sings,,,
Electronic,Getting Away with It,,,
Loma,Black Willow,,,
Pulp,They Suffocate At Night,,,
Kaiser Chiefs,What Did I Ever Give You,,,
Alex Winston,Choice Notes,,,
The International Submarine Band,Luxury Liner,,,
James,Sit Down,,,
Mansun,Wide Open Space,,,
Gently Tender,Avez-vous déjà,,,
The Stone Roses,Mersey Paradise,,,
Steve Winwood,Valerie,,,
Shed Seven,On Standby,,,
Pixies,Wave Of Mutilation,,,
Bat For Lashes,Sad Eyes,,,
Belly,Now They'll Sleep,,,
Neil Young,Harvest Moon,,,
The Shins,Sea Legs,,,
Gene,Sick Sober & Sorry,,,
Madonna,Papa Don't Preach,,,
Ralph McTell,From Clare to here,,,
The Stone Roses,(Song for My) Sugar Spun Sister,,,
The Smiths,I Don't Owe You Anything,,,
The Shins,Phantom Limb,,,
Duran Duran,Save a Prayer,,,
Wild Beasts,We Still Got The Taste Dancin' On Our Tongues,,,
Fleet Foxes,Ragged Wood,,,
Nico,These Days,,,
Shura,What Happened To Us?,,,
The Go! Team,The Answer's No - Now What's the Question?,,,
Emily Loizeau,Eaux sombres,,,
Gene,I Can't Decide If She Really Loves Me,,,
The Smiths,Cemetry Gates,,,
Leonard Cohen,Suzanne,,,
Pi Ja Ma,I Hate U,,,
Jane's Addiction,Been Caught Stealing,,,
Bat For Lashes,Horse And I,,,
Maximo Park,Apply Some Pressure,,,
The B-52's,Roam,,,
Super Furry Animals,Frequency,,,
Beach House,Norway,,,
Hole,Malibu,,,
Radiohead,Karma Police,,,
R.E.M.,Losing My Religion,,,
Manic Street Preachers,La Tristesse Durerea,,,
Longpigs,Far,,,
Longpigs,She Said,,,
The Roches,No Shoes,,,
The Roches,Hammond Song,,,
Fairport Convention,"Farewell, Farewell",,,
Austra,Running With the Wolves,,,
Voice of the Beehive,Don't Call Me Baby,,,
Voice of the Beehive,I Say Nothing,,,
Heart,Alone,,,Dicky Karaoke
Giorgio Moroder / Philip Oakey,Together In Electric Dreams,,,Dicky Karaoke
Chris Isaak,Wicked Game,,,Dicky Karaoke
Sinead O'Connor,Nothing Compares 2 U,,,Dicky Karaoke
Phyllis nelson,Move Closer,,,Dicky Karaoke
Fat Larry's Band,Zoom,,,Dicky Karaoke
Keane,Somewhere Only We Know,,,Dicky Karaoke
Lionel Richie,All Night Long (All Night),,,Jessica Protest Karaoke; Dicky Karaoke
Richard Marx,Hazard,,,Dicky Karaoke
Toto,Rosanna,,,Dicky Karaoke
Mike Oldfield,Moonlight Shadow,,,Dicky Karaoke
Feargal Sharkey,A Good Heart,,,Dicky Karaoke
Climie Fisher,Love Changes Everything,,,Dicky Karaoke
Cutting Crew,I Just Died In Your Arms Tonight,,,Dicky Karaoke
Roy Orbison,I Drove All Night ,,,Dicky Karaoke
Maximo Park,Going Missing,,,
ABC,The Look of Love,,,Dicky Karaoke
Dusty Springfield,Son of a Preacher Man,,,
Nick Drake,Northern Sky,,,
Nick Drake,One of These Things First,,,
Celine Dion,Think Twice,,,Dicky Karaoke
Tony Braxton,Unbreak my heart,,,Dicky Karaoke
Aztec Camera,Somewhere in my heart,,,Dicky Karaoke
Whitney Houston,I wanna dance with Somebody,,,
Chaka Khan,Ain't nobody love me better,,,Dicky Karaoke
Steve Windwood,Higher Love,,,Dicky Karaoke
Roxette ,It must have been love by ,,,
Florence and the Machine,The Dog Days are Over,,,
Neil Young,Only Love Can Break Your Heart,,,
The Cure,Close To Me,,,
Fleetwood Mac,Little Lies,,,
Neil Young,Heart of Gold,,,
Fleetwood Mac,Go Your Own Way,,,
Fleetwood Mac,Everywhere,,,
Echo & The Bunnymen,The Killing Moon,,,
Neil Young,When You Dance,,,
Neil Young,I Believe in You,,,
Sufjan Stevens,Jacksonville,,,
R.E.M.,Can't Get There from Here,,,
Jose Gonzalez ,Heartbeats,,,
Franz Ferdinand,Take Me Out,,,
R.E.M.,Orange Crush,,,
R.E.M.,Cuyahoga,,,
Sharon Van Etten,Seventeen,,,
Dire Straits,Sultans of Swing,,,
Oasis,Wonderwall,skip,,
Blur,To the End,,,
Blur,The Universal,,,
Blur,No Distance Left To Run,,,
Blur,Coffee & TV,,,
Blur,Girls & Boys,,,
Blur,For Tomorrow,,,
Blur,Song 2,,,
Blur,End of a Century,,,
Blur,Tender,,,
Blur,Beetlebum,,,
Blur,This Is a Low,,,
Britney Spears,Toxic,,,
Britney Spears,Hit Me Baby One More Time,,,
Britney Spears,Not So Innocent,,,
Bruce Springsteen,Dancing in the Dark,,,
David Bowie,Changes,,,
David Bowie,Oh! You Pretty Things,,,
David Bowie,Eight Line Poem,,,
David Bowie,Life on Mars?,,,
David Bowie,Kooks,,,
David Bowie,Quicksand,,,
David Bowie,Fill Your Heart,,,
David Bowie,Space Oddity,,,
David Bowie,Heroes,,,
David Bowie,Starman,,,
David Bowie,Rebel Rebel,,,
David Bowie,Ziggy Stardust,,,
David Bowie,Let's Dance,,,
David Bowie,The Man Who Sold the World,,,
Depeche Mode,Enjoy the Silence,,,
Depeche Mode,Personal Jesus,,,
Weezer,Buddy Holly,,,
Kate Bush,Top Of The City,,,
Kate Bush,Moving,,,Dicky Karaoke
Kate Bush,You're The One,,,
Kate Bush,Running Up That Hill (A Deal With God),,,
Kate Bush,This Woman's Work,,,
Kate Bush,Wuthering Heights,,,Dicky Karaoke
Kate Bush,Hounds of Love,,,
Kate Bush,Cloudbusting,,,
Kate Bush,Babooshka,,,
Kate Bush,The Man with the Child in His Eyes,,,
Kate Bush,Army Dreamers,,,
Kate Bush,The Sensual World,,,
Kate Bush,Sat in Your Lap,,,
Kate Bush,Wow,,,
Kate Bush,The Big Sky,,,
Kate Bush,Suspended in Gaffa,,,
Kate Bush,Hammer Horror,,,
Kate Bush,Breathing,,,
Suede,The Power,,,
The Smiths,That Joke Isn't Funny Anymore,,,
The Smiths,Please Please Please Let Me Get What I Want,,,
The Smiths,There Is A Light That Never Goes Out,,,
The Smiths,This Charming Man,,,
Zero 7,Destiny,,,
Zero 7,In the Waiting Line,,,
Zero 7,Home,,,
Zero 7,Somersault,,,
Waterboys,The Whole of the Moon,,,
Killing Joke,Love Like Blood,,,
The Cure,Just Like Heaven,,,
The Cure,Friday I'm in Love,,,
Pixies,Gigantic,,,
Pixies,The Holiday Song,,,
Pixies,Dig for Fire,,,
Pixies,Gouge Away,,,
Pixies,Here Comes Your Man,,,
Pixies,Monkey Gone to Heaven,,,
Arcade Fire,We Used to Wait,,,
Suede,Animal Nitrate,,,
Suede,Metal Mickey,,,
Honeyblood,Sister Wolf,,,
The Smiths,What Difference Does it Make?,,,
Everything Everything,My CZ UR BF,,,
The Monkees,Me & Magdelana,,,
Echobelly,Today Tomorrow Sometimes Never,,,
Alison Moyet,Love Resurrection,,,Dicky Karaoke
Big Moon,Silent Movie Suzie,,,
The Darkness,Givin' Up,,,
Here We Go Magic,Alone but Moving,,,
Beyonce,Bodyguard,,,
Super Furry Animals,Ohio Heat,,,
Pongo,Kuzola,,,
Shelley Duvall,He Needs Me,,,
The Shins,Australia,,,
John Farnham,You're the Voice,,,Jessica Protest Karaoke
Cat Power,Ruin,,,Jessica Protest Karaoke
Labi Siffre,(Something Inside) So Strong,,,Jessica Protest Karaoke
Tori Amos,Crucify,,,Jessica Protest Karaoke
"Aretha Franklin,George Michael",I Knew You Were Waiting (For Me),,,Jessica Protest Karaoke
Roachford,Cuddly Toy,,,Jessica Protest Karaoke
Faith No More,Midlife Crisis,,,Jessica Protest Karaoke
Scorpions,Wind Of Change,,,Jessica Protest Karaoke
The Shamen,Move Any Mountian,,,Jessica Protest Karaoke
Ultravox,Dancing with Tears in My Eyes,,,Jessica Protest Karaoke
Alanis Morissette,You Oughta Know,,,Jessica Protest Karaoke; Dicky Karaoke
Iron Maiden,Run to the Hills,,,Jessica Protest Karaoke
George Michael,Freedom! '90,,,Jessica Protest Karaoke
T'Pau,China In Your Hand,,,Jessica Protest Karaoke; Dicky Karaoke
Alannah Myles,Black Velvet,,,Jessica Protest Karaoke
Robin Beck,First Time,,,Jessica Protest Karaoke
T'Pau,Heart And Soul,,,Jessica Protest Karaoke
Dire Straits,Money For Nothing,,,Jessica Protest Karaoke
Dire Straits,Walk Of Life,,,Jessica Protest Karaoke
Erasure,A Little Respect,,,Jessica Protest Karaoke
Erasure,Sometimes,,,Jessica Protest Karaoke
Erasure,Stop!,,,Jessica Protest Karaoke
Erasure,Chains of Love,,,Jessica Protest Karaoke
"Joe Cocker,Jennifer Warnes",Up Where We Belong,,,Jessica Protest Karaoke; Dicky Karaoke
"Bill Medley,Jennifer Warnes",(I've Had) The Time Of My Life - From  Dirty Dancing  Soundtrack,,,Jessica Protest Karaoke
Robert Palmer,Addicted To Love,,,Jessica Protest Karaoke
Hole,Doll Parts,,,Jessica Protest Karaoke
PJ Harvey,To Bring You My Love,,,Jessica Protest Karaoke
PJ Harvey,C'mon Billy,,,Jessica Protest Karaoke
Meat Loaf,I'd Do Anything For Love (But I Won't Do That),,,Jessica Protest Karaoke
Van Halen,Jump,,,Jessica Protest Karaoke
Billy Ocean,"When the Going Gets Tough, The Tough Get Going",,,Jessica Protest Karaoke
Nick Cave & The Bad Seeds,Do You Love Me?,,,Jessica Protest Karaoke
Angry Anderson,Suddenly,,,Jessica Protest Karaoke
Glen Campbell,Wichita Lineman,,,Jessica Protest Karaoke
Neneh Cherry,Buffalo Stance,,,Jessica Protest Karaoke
"Paul McCartney,Wings",Live And Let Die - Main Title,,,Jessica Protest Karaoke
Deniece Williams,Let's Hear It for the Boy,,,Dicky Karaoke
Alison Moyet,Weak in the Presence of Beauty,,,Dicky Karaoke
Then Jerico,Big Area,,,Dicky Karaoke
Pat Benatar,Love Is a Battlefield,,,Dicky Karaoke
Whitney Houston,I Wanna Dance with Somebody (Who Loves Me),,,Dicky Karaoke
Roxette,It Must Have Been Love,,,Dicky Karaoke
Maria McKee,Show Me Heaven,,,Dicky Karaoke
Starship,Nothing's Gonna Stop Us Now,,,Dicky Karaoke
Morrissey,"The More You Ignore Me, the Closer I Get",,,Dicky Karaoke
Paul Young,Every Time You Go Away,,,Dicky Karaoke
The Beach Boys,Kokomo,,,Dicky Karaoke
No Doubt,Don't Speak,,,Dicky Karaoke
Seal,Kiss From a Rose,,,Dicky Karaoke
Lizzo,Am I Ready,,,Dicky Karaoke
